{"cameraMode":{"drawMode":0,"name":"Shaded","section":"Shading Mode"},"sceneLighting":true,"audioPlay":false,"sceneViewState":{"m_AlwaysRefresh":false,"showFog":true,"showSkybox":true,"showFlares":true,"showImageEffects":true,"showParticleSystems":true,"showVisualEffectGraphs":true,"m_FxEnabled":true},"in2DMode":false,"pivot":{"x":-1.2930476665496827,"y":-6.450770378112793,"z":26.85895538330078},"rotation":{"x":-0.12282406538724899,"y":0.052669230848550799,"z":-0.006527791265398264,"w":-0.991007924079895},"size":10.449999809265137,"orthographic":false}