{"cameraMode":{"drawMode":0,"name":"Shaded","section":"Shading Mode"},"sceneLighting":true,"audioPlay":false,"sceneViewState":{"m_AlwaysRefresh":false,"showFog":true,"showSkybox":true,"showFlares":true,"showImageEffects":true,"showParticleSystems":true,"showVisualEffectGraphs":true,"m_FxEnabled":true},"in2DMode":false,"pivot":{"x":17.27367401123047,"y":-1.464475154876709,"z":28.378713607788087},"rotation":{"x":-0.025618761777877809,"y":-0.34596362709999087,"z":0.009450368583202362,"w":-0.9378503561019898},"size":28.61064338684082,"orthographic":false}